{
    "RF_validation_weighted_f1_score": 0.9254518509148518,
    "RF_validation_weighted_precision": 0.9285710806061556,
    "RF_validation_weighted_recall": 0.926530612244898
}